fileName,title,tool,type,visibility,robots,published,draft,tags
blog_og_first_aid,"リンクプレビュー（OG）が出ない時の最初の3手",,guide,archive,noindex,true,false,"チェックリスト; OG; 運用"
cron-basics,"CRON 入門：スケジュール表記を人間の言葉で理解する",cron-jst,primer,primer,index,true,false,"tool:cron-jst; cron; linux; scheduling; automation"
json-formatter-basics,"JSON 入門：整形と構造を理解する",json-formatter,primer,primer,index,true,false,"tool:json-formatter; json; format; debug"
jwt-decode-basics,"JWT 入門：デコードと検証の違いを 5 分で理解",jwt-decoder,primer,primer,index,true,false,"tool:jwt-decoder; jwt; security; authentication"
jwt-verify-basics,"JWT 署名検証入門：デコード ≠ 検証を 5 分で理解",jwt-decoder,primer,primer,index,true,false,"tool:jwt-decoder; 入門; security"
lighthouse-best-practices-070,"Lighthouse Best Practices 0.70を守るコツ（AdSenseと共存）",,guide,hidden,noindex,true,true,"lighthouse; adsense; webperf"
linux-top-cheatsheet,"Linux topの読み方：現場チートシート",,guide,hidden,noindex,true,true,"linux; top; ops"
nnn-dev-notes-oct,"10月の開発メモ",,guide,archive,noindex,true,false,"devlog"
nnn-lhci-green-tips,"LHCIグリーン維持のコツ",,guide,archive,noindex,true,false,"devlog"
nnn-og-check-mini,"OGPチェックの小技",,guide,archive,noindex,true,false,"devlog"
nuxt-ssr-absolute-url,"NuxtでSSR相対URLを禁じる理由（実務目線の最短メモ）",,guide,hidden,noindex,true,true,"nuxt; ssr; url; infra"
og-check-basics,"OGP 入門：SNS で正しく表示されるための基本",og-check,primer,primer,index,true,false,"tool:og-check; seo; ogp; social"
pxe-boot-minimum,"PXEブート最小セット：これだけ押さえる",,guide,hidden,noindex,true,true,"pxe; boot; infra"
regex-tester-basics,"正規表現入門：パターンで文字列を操る基本",regex-tester,primer,primer,index,true,false,"tool:regex-tester; regex; string; validation"
site-check-basics,"サイトチェッカー入門：meta タグと構造化データの健康診断",site-check,primer,primer,index,true,false,"tool:site-check; seo; meta; json-ld"
timestamp-basics,"タイムスタンプ入門：Epoch 秒/ミリ秒と JST/UTC を 5 分で理解",timestamp,primer,primer,index,true,false,"tool:timestamp; 入門; time"
timestamp-converter-basics,"Epoch Timestamp Converter の基礎",,primer,hidden,noindex,false,false,"epoch; timestamp; date; timezone; jst; utc; tools"
top-analyzer-basics,"Linux top 入門：負荷を読み解くための指標ガイド",top-analyzer,primer,primer,index,true,false,"tool:top-analyzer; linux; infra; performance"
welcome,"Welcome",,news,hidden,noindex,true,false,"お知らせ; ガイド"
_control,"Internal Control (Renderer/Body/Route)",,guide,hidden,noindex,true,false,"internal; control"